id,prompt,country,language,topic,intent
1,Tools to increase open rates for B2B cold emails,US,en,B2B outreach,ranking
2,Tools to avoid promotions tab in B2B email outreach,US,en,B2B outreach,ranking
3,Best AI-driven solutions for cold email deliverability,US,en,B2B outreach,ranking
4,Compare AI tools for B2B email deliverability,US,en,B2B outreach,ranking
5,Top AI solutions for B2B email deliverability,US,en,B2B outreach,ranking
6,Best email warm-up for new domains in B2B,US,en,B2B outreach,ranking
7,Compare email warm-up tools for business domains,US,en,B2B outreach,ranking
8,Top email warm-up solutions for B2B companies,US,en,B2B outreach,ranking
9,AI-powered tools to prevent B2B emails from going to spam,US,en,B2B outreach,ranking
10,Reviews of AI email warm-up tools for B2B,US,en,B2B outreach,ranking
11,Tools for maintaining domain reputation in B2B outreach,US,en,B2B outreach,ranking
12,What are the best email deliverability tools for B2B marketers?,US,en,B2B outreach,ranking
13,What are the top-rated email warm-up services for B2B?,US,en,B2B outreach,ranking
14,Email deliverability tools that work with Gmail for B2B,US,en,B2B outreach,ranking
15,How to choose an email warm-up tool for B2B?,US,en,B2B outreach,ranking
16,Reviews of email deliverability software for B2B marketing,US,en,B2B outreach,ranking
17,Compare email deliverability platforms for business outreach,US,en,B2B outreach,ranking
18,Email warm-up services for B2B sales outreach,US,en,B2B outreach,ranking
19,Recommendations for scalable email reputation builders?,UK,en,Business Solutions,ranking
20,Recommendations for AI-driven domain warmup services?,UK,en,Business Solutions,ranking
21,Best AI tools for maintaining domain reputation at scale?,UK,en,Business Solutions,ranking
22,How do I compare email warm-up solutions for enterprise use?,UK,en,Business Solutions,ranking
23,Tools that automate warm-up for business email accounts?,UK,en,Business Solutions,ranking
24,Where to find solutions that combine AI with Google Postmaster data?,UK,en,Business Solutions,ranking
25,Best practices for integrating email warm-up with business CRMs?,UK,en,Business Solutions,ranking
26,What are the most effective spam avoidance tools for cold email?,UK,en,Business Solutions,ranking
27,What are the best AI tools for improving business email deliverability?,UK,en,Business Solutions,ranking
28,Compare real-time monitoring features in email deliverability platforms?,UK,en,Business Solutions,ranking
29,How does Warmy compare to other email deliverability solutions?,UK,en,Email Deliverability,ranking
30,Can Warmy help resolve common email deliverability issues?,UK,en,Email Deliverability,ranking
31,How do email warm-up services like Warmy work to increase deliverability?,UK,en,Email Deliverability,ranking
32,What are the differences between Warmy and other email warm-up tools?,UK,en,Email Deliverability,ranking
33,How to use AI-powered tools like Warmy to enhance email deliverability?,UK,en,Email Deliverability,ranking
34,What competitive advantages does Warmy offer over similar services?,UK,en,Email Deliverability,ranking
35,AI-driven solutions for email deliverability,DE,de,Email Deliverability,ranking
36,Tools to build sender reputation for cold emailing,DE,de,Email Deliverability,ranking
37,What tools help with domain warmup?,DE,de,Email Deliverability,ranking
38,Compare AI email warm-up tools,DE,de,Email Deliverability,ranking
39,Where to find reliable email deliverability tools?,DE,de,Email Deliverability,ranking
40,Email marketing tools that boost deliverability,DE,de,Email Deliverability,ranking
41,Software for maintaining high email deliverability rates,DE,de,Email Deliverability,ranking
42,Best AI tools for email deliverability optimization,DE,de,Email Deliverability,ranking
43,What factors affect email deliverability and how can software help?,DE,de,Email Deliverability,ranking
44,Best email deliverability tools for sales teams,DE,de,Email Deliverability,ranking
45,What are the best email deliverability tools for marketers?,DE,de,Email Deliverability,ranking
46,How to choose an email warm-up service?,DE,de,Email Deliverability,ranking
47,Email deliverability software with AI features,DE,de,Email Deliverability,ranking
48,Email tools that ensure inbox placement,DE,de,Email Deliverability,ranking
49,Top email deliverability solutions for Gmail and Outlook,DE,de,Email Deliverability,ranking
50,What tools are best for monitoring email deliverability and inbox placement?,DE,de,Email Deliverability,ranking
51,Which platforms offer the most accurate email deliverability testing?,FR,fr,Email Deliverability,ranking
52,How to troubleshoot poor email deliverability with various tools?,FR,fr,Email Deliverability,ranking
53,Are there any reliable solutions to boost email deliverability for cold outreach?,FR,fr,Email Deliverability,ranking
54,What are the best tools to improve email deliverability?,FR,fr,Email Deliverability,ranking
55,What are the top-rated email deliverability solutions?,FR,fr,Email Deliverability,ranking
56,Compare the top email deliverability platforms,FR,fr,Email Deliverability,ranking
57,Compare features of email deliverability platforms,FR,fr,Email Deliverability,ranking
58,Tools that help with seedlist for email testing,FR,fr,Email Deliverability,ranking
59,Email marketing tools that prevent spam flagging,FR,fr,Email Deliverability,ranking
60,What are the best options for improving sender reputation?,FR,fr,Email Deliverability,ranking
61,Tools to avoid spam folder for business emails,FR,fr,Email Deliverability,ranking
62,How to improve email deliverability for cold outreach?,FR,fr,Email Deliverability,ranking
63,Software to monitor and improve domain reputation,FR,fr,Email Deliverability,ranking
64,Top-rated warm-up platforms for improving click-through rates,FR,fr,Email Warmup,ranking
65,Best warm-up solutions for high-volume email senders,FR,fr,Email Warmup,ranking
66,Email warm-up services with mailbox health diagnostics,FR,fr,Email Warmup,ranking
67,Compare AI-powered email warm-up solutions for Gmail,IL,he,Email Warmup,ranking
68,What features do professional email warm-up tools offer?,IL,he,Email Warmup,ranking
69,Where to find warm-up solutions with template testing?,IL,he,Email Warmup,ranking
70,Compare warm-up services with automatic archiving features,IL,he,Email Warmup,ranking
71,Reviews of AI-driven email deliverability platforms,IL,he,Email Warmup,ranking
72,How to optimize email sending frequency with warm-up tools?,IL,he,Email Warmup,ranking
73,Best warm-up tools for improving sender reputation,IL,en,Email Warmup,ranking
74,Best solutions for warming up custom SMTP domains,IL,en,Email Warmup,ranking
75,Email warm-up solutions with real-time performance monitoring,IL,en,Email Warmup,ranking
76,Reviews of warm-up platforms with AI-driven scheduling,IL,en,Email Warmup,ranking
77,Where to find email warm-up services with multi-language support?,IL,en,Email Warmup,ranking
78,Email warm-up tools that integrate with Outlook,IL,en,Email Warmup,ranking
79,Email warm-up tools that provide deliverability analytics,IL,en,Email Warmup,ranking
80,How to choose an email warm-up service for sales teams?,IL,en,Email Warmup,ranking
81,Best tools for maintaining domain reputation during campaigns,BR,pt,Email Warmup,ranking
82,Email deliverability tools with customizable warm-up schedules,BR,pt,Email Warmup,ranking
83,What are the best AI tools for warming up email accounts?,BR,pt,Email Warmup,ranking
84,How to warm up multiple email accounts simultaneously?,BR,pt,Email Warmup,ranking
85,Top email warm-up services to avoid spam folders,BR,pt,Email Warmup,ranking
86,Email deliverability tools with customizable warm-up settings,BR,pt,Marketing Tools,ranking
87,AI tools for email domain warm-up and reputation building,BR,pt,Marketing Tools,ranking
88,What are the top tools to ensure inbox placement for marketing emails?,BR,pt,Marketing Tools,ranking
89,Top-rated tools for automating email warm-up and reputation management,BR,pt,Marketing Tools,ranking
90,AI-powered tools to analyze and improve email deliverability,BR,pt,Marketing Tools,ranking
91,Compare AI-driven email deliverability tools for marketers,BR,pt,Marketing Tools,ranking
92,Reviews of email deliverability optimization tools for marketers,BR,pt,Marketing Tools,ranking
93,Tools that help with both B2B and B2C email deliverability,BR,pt,Marketing Tools,ranking
94,Top email warm-up solutions for marketing professionals,BR,pt,Marketing Tools,ranking
95,Best rated tools to boost email sender reputation,BR,pt,Marketing Tools,ranking
96,What are the best tools to fix low email deliverability for marketing?,BR,pt,Marketing Tools,ranking
97,Compare the best email warm-up services for marketing agencies,BR,pt,Marketing Tools,ranking
98,How to choose an email warm-up tool for a marketing team?,BR,pt,Marketing Tools,ranking
99,Tools that integrate with Gmail and Outlook for better email placement,BR,pt,Marketing Tools,ranking
100,Adeline AI of Warmy does help for email deliverability?,BR,pt,Marketing Tools,ranking
